Workbook

Sheet Data
A1: Outlook | B1: Temp | C1: Humidity | D1: Wind | E1: Play
A2: Overcast | B2: Hot | C2: High | D2: Weak | E2: Yes
A3: Sunny | B3: Hot | C3: High | D3: Strong | E3: No
A4: Rain | B4: Cool | C4: Normal | D4: Weak | E4: Yes
A5: Sunny | B5: Mild | C5: High | D5: Strong | E5: No
A6: Overcast | B6: Cool | C6: Normal | D6: Strong | E6: Yes
A7: Rain | B7: Cool | C7: Normal | D7: Strong | E7: No
A8: Sunny | B8: Cool | C8: Normal | D8: Weak | E8: Yes
A9: Sunny | B9: Hot | C9: High | D9: Weak | E9: No
A10: Rain | B10: Mild | C10: High | D10: Weak | E10: Yes
A11: Sunny | B11: Mild | C11: Normal | D11: Strong | E11: Yes

Sheet Bang_dem
A1: alpha (Laplace: 0 = không, 1 = có) | B1: 0
A2: n(Yes) | B2: =COUNTIF(Data!$E$2:$E$11,"Yes")
A3: n(No) | B3: =COUNTIF(Data!$E$2:$E$11,"No")
A4: P(Yes) prior | B4: =B2/(B2+B3)
A5: P(No) prior | B5: =B3/(B2+B3)
A7: Feature | B7: Value | C7: n(Yes) | D7: n(No) | E7: K (số giá trị) | F7: P(v|Yes) | G7: P(v|No)
A8: Outlook | B8: Sunny | C8: =COUNTIFS(Data!$A$2:$A$11,B8,Data!$E$2:$E$11,"Yes") | D8: =COUNTIFS(Data!$A$2:$A$11,B8,Data!$E$2:$E$11,"No") | E8: =COUNTIF($A$8:$A$17,A8) | F8: =(C8+$B$1)/($B$2+$B$1*E8) | G8: =(D8+$B$1)/($B$3+$B$1*E8)
A9: Outlook | B9: Overcast | C9: =COUNTIFS(Data!$A$2:$A$11,B9,Data!$E$2:$E$11,"Yes") | D9: =COUNTIFS(Data!$A$2:$A$11,B9,Data!$E$2:$E$11,"No") | E9: =COUNTIF($A$8:$A$17,A9) | F9: =(C9+$B$1)/($B$2+$B$1*E9) | G9: =(D9+$B$1)/($B$3+$B$1*E9)
A10: Outlook | B10: Rain | C10: =COUNTIFS(Data!$A$2:$A$11,B10,Data!$E$2:$E$11,"Yes") | D10: =COUNTIFS(Data!$A$2:$A$11,B10,Data!$E$2:$E$11,"No") | E10: =COUNTIF($A$8:$A$17,A10) | F10: =(C10+$B$1)/($B$2+$B$1*E10) | G10: =(D10+$B$1)/($B$3+$B$1*E10)
A11: Temp | B11: Hot | C11: =COUNTIFS(Data!$B$2:$B$11,B11,Data!$E$2:$E$11,"Yes") | D11: =COUNTIFS(Data!$B$2:$B$11,B11,Data!$E$2:$E$11,"No") | E11: =COUNTIF($A$8:$A$17,A11) | F11: =(C11+$B$1)/($B$2+$B$1*E11) | G11: =(D11+$B$1)/($B$3+$B$1*E11)
A12: Temp | B12: Mild | C12: =COUNTIFS(Data!$B$2:$B$11,B12,Data!$E$2:$E$11,"Yes") | D12: =COUNTIFS(Data!$B$2:$B$11,B12,Data!$E$2:$E$11,"No") | E12: =COUNTIF($A$8:$A$17,A12) | F12: =(C12+$B$1)/($B$2+$B$1*E12) | G12: =(D12+$B$1)/($B$3+$B$1*E12)
A13: Temp | B13: Cool | C13: =COUNTIFS(Data!$B$2:$B$11,B13,Data!$E$2:$E$11,"Yes") | D13: =COUNTIFS(Data!$B$2:$B$11,B13,Data!$E$2:$E$11,"No") | E13: =COUNTIF($A$8:$A$17,A13) | F13: =(C13+$B$1)/($B$2+$B$1*E13) | G13: =(D13+$B$1)/($B$3+$B$1*E13)
A14: Humidity | B14: High | C14: =COUNTIFS(Data!$C$2:$C$11,B14,Data!$E$2:$E$11,"Yes") | D14: =COUNTIFS(Data!$C$2:$C$11,B14,Data!$E$2:$E$11,"No") | E14: =COUNTIF($A$8:$A$17,A14) | F14: =(C14+$B$1)/($B$2+$B$1*E14) | G14: =(D14+$B$1)/($B$3+$B$1*E14)
A15: Humidity | B15: Normal | C15: =COUNTIFS(Data!$C$2:$C$11,B15,Data!$E$2:$E$11,"Yes") | D15: =COUNTIFS(Data!$C$2:$C$11,B15,Data!$E$2:$E$11,"No") | E15: =COUNTIF($A$8:$A$17,A15) | F15: =(C15+$B$1)/($B$2+$B$1*E15) | G15: =(D15+$B$1)/($B$3+$B$1*E15)
A16: Wind | B16: Weak | C16: =COUNTIFS(Data!$D$2:$D$11,B16,Data!$E$2:$E$11,"Yes") | D16: =COUNTIFS(Data!$D$2:$D$11,B16,Data!$E$2:$E$11,"No") | E16: =COUNTIF($A$8:$A$17,A16) | F16: =(C16+$B$1)/($B$2+$B$1*E16) | G16: =(D16+$B$1)/($B$3+$B$1*E16)
A17: Wind | B17: Strong | C17: =COUNTIFS(Data!$D$2:$D$11,B17,Data!$E$2:$E$11,"Yes") | D17: =COUNTIFS(Data!$D$2:$D$11,B17,Data!$E$2:$E$11,"No") | E17: =COUNTIF($A$8:$A$17,A17) | F17: =(C17+$B$1)/($B$2+$B$1*E17) | G17: =(D17+$B$1)/($B$3+$B$1*E17)

Sheet Predict
A1: Feature | B1: Giá trị (chọn) | C1: P(v|Yes) | D1: P(v|No)
A2: Outlook | B2: Sunny | C2: =SUMIFS(Bang_dem!$F$8:$F$17,Bang_dem!$A$8:$A$17,$A2,Bang_dem!$B$8:$B$17,$B2) | D2: =SUMIFS(Bang_dem!$G$8:$G$17,Bang_dem!$A$8:$A$17,$A2,Bang_dem!$B$8:$B$17,$B2)
A3: Temp | B3: Cool | C3: =SUMIFS(Bang_dem!$F$8:$F$17,Bang_dem!$A$8:$A$17,$A3,Bang_dem!$B$8:$B$17,$B3) | D3: =SUMIFS(Bang_dem!$G$8:$G$17,Bang_dem!$A$8:$A$17,$A3,Bang_dem!$B$8:$B$17,$B3)
A4: Humidity | B4: High | C4: =SUMIFS(Bang_dem!$F$8:$F$17,Bang_dem!$A$8:$A$17,$A4,Bang_dem!$B$8:$B$17,$B4) | D4: =SUMIFS(Bang_dem!$G$8:$G$17,Bang_dem!$A$8:$A$17,$A4,Bang_dem!$B$8:$B$17,$B4)
A5: Wind | B5: Strong | C5: =SUMIFS(Bang_dem!$F$8:$F$17,Bang_dem!$A$8:$A$17,$A5,Bang_dem!$B$8:$B$17,$B5) | D5: =SUMIFS(Bang_dem!$G$8:$G$17,Bang_dem!$A$8:$A$17,$A5,Bang_dem!$B$8:$B$17,$B5)
A7: Prior | C7: =Bang_dem!B4 | D7: =Bang_dem!B5
A8: Điểm = prior × tích | C8: =C7*PRODUCT(C2:C5) | D8: =D7*PRODUCT(D2:D5)
A9: Posterior (chuẩn hóa) | C9: =IF(C8+D8=0,"n/a",C8/(C8+D8)) | D9: =IF(C8+D8=0,"n/a",D8/(C8+D8))
A10: Quyết định | B10: =IF(C8+D8=0,"n/a",IF(D8>C8,"Should not go!","Go play!"))
A12: Thử: (1) alpha=0 vs 1 ở Bang_dem!B1 (2) Outlook=Overcast để thấy zero-frequency.
